# Names of Developers with write access to this module
#
# There are two types of developers:
# 1) Administrators - entitled to edit all files in the module ,
#    in particular the .admin directory.  (Including this file) 
# 2) Regular Developers - entitled to edit all files in the module
#    except those in the .admin directory.
#
# Entries must have the following format:
#
#      [logname] : [Firstname Familyname] : [emailaddress]
#
#      where [logname] is the login name of the user (in lower case)
#            [Firstname Familyname] is the fullname of the user in free format
#            [emailaddress] any email address of the user
#
#      IMPORTANT: The only entry that uniqely identifies the user
#                 is the [loginname]. The rest of the entries are
#                 used for information and clarity purposes.
#
# You can find the information required to add a user, using the "phone"
# command from any CERN machine. "phone user -A" will give you a list of his
# accounts and lognames too.
# A safe assumption is to look for his ZH account on AFS/LXPLUS
# Please remember to use lower case for the logname.
# In case of doubts, please contact cvsadmin.cern.ch
#
# Important
# ---------
# --- Put names of regular developers after the >Developers Tag
# --- Put names of administrators after the >Administrators Tag
#
# NB: This file was automatically generated by CreateCVSPackage.pl.
#
>Developers
dasu : Sridhara Dasu : dasu@hep.wisc.edu
jalcaraz : MAESTRE Alcaraz : Juan.Alcaraz@cern.ch
llista : Luca Lista : Luca.Lista@cern.ch
oiorio : Alberto Orso Maria Iorio : Alberto.Orso.Maria.Iorio@cern.ch
anil : Anil Singh : Anil.Singh@cern.ch
lovedeep : Lovedeep Kaur Saini : Lovedeep.Kaur.Saini@cern.ch
yangf : Fan Yang : yangf@fnal.gov
sznajder : Andre Sznajder : sznajder@fnal.gov
jindal : Pratima Jindal : pratima.jindal@cern.ch
dudero : Phil Dudero : Phillip.Dudero@cern.ch
ilyao: Ilya Osipenkov : ilya.leonidovich.osipenkov@cern.ch
andersj: Jake Anderson : andersj@fnal.gov
theofil: Konstantinos Theofilatos : Konstantinos.Theofilatos@cern.ch
sandro : Sandro Gonzi : Sandro.Gonzi@cern.ch
amarini : Andrea Carlo Marini : andrea.carlo.marini@cern.ch
cerminar : Gianluca Cerminara : Gianluca.Cerminara@cern.ch
ntran : Nhan Tran : Nhan.Viet.Tran@cern.ch
smaruyam: Sho Maruyama :  Sho.Maruyama@cern.ch
jdamgov: Jordan Damgov :  Jordan.Damgov@cern.ch

>Administrators
dasu : Sridhara Dasu : dasu@hep.wisc.edu
jalcaraz : MAESTRE Alcaraz : Juan.Alcaraz@cern.ch
llista : Luca Lista : Luca.Lista@cern.ch
clazarid : Christos Lazaridis : Christos.Lazaridis@cern.ch
grogg : Kira Suzanne Grogg : Kira.Grogg@cern.ch
bdahmes : Bryan Dahmes : Bryan.Dahmes@cern.ch
efron : Jonathan Efron : Jonathan.Efron@cern.ch
lenzip : Piergiulio Lenzi : Piergiulio.Lenzi@cern.ch
kalanand : Kalanand Mishra : Kalanand.Mishra@cern.ch
vciulli : Vitaliano Ciulli : vitaliano.ciulli@cern.ch
ghm : Gautier Hamel De Monchenault : Gautier.Hamel.De.Monchenault@cern.ch
schmittm : Michael Henry Schmitt : schmittm@lotus.phys.northwestern.edu
kkousour: Konstantinos Kousouris : Konstantinos.Kousouris@cern.ch

